ID,FirstName,LastName,Email,PhoneNum
1,Bradley,Kennedy,dsimmons@example.edu,001-819-867-4139
2,Daniel,Thompson,carlsonrebecca@example.edu,(408)269-6690x24443
3,Tracy,Bautista,gail26@example.edu,(910)337-6683x5285
4,Tammy,Rodriguez,jason29@example.edu,742-578-9626x64047
5,Amy,Gomez,hrichardson@example.edu,649-398-8527x134
6,Stephen,Walker,timothymoreno@example.edu,+1-753-967-5349x80572
7,Ashley,Smith,ambercarrillo@example.edu,212.607.4608
8,Scott,Pacheco,shanebrown@example.edu,734.796.3453x286
9,Emily,Moore,vmoody@example.edu,+1-788-231-6893x0232
10,William,Butler,whawkins@example.edu,(826)509-2608
11,Kurt,Mendez,adam25@example.edu,879.756.4758
12,Micheal,Wang,youngjustin@example.edu,247.578.6884x390
13,John,Walker,qware@example.edu,001-523-999-4133x04764
14,Christine,Sanders,ryanhayes@example.edu,(802)285-9698
15,Natasha,Brown,mskinner@example.edu,325.665.3141
16,Toni,Parker,grantjennifer@example.edu,(795)986-6974x810
17,Jasmine,English,efuentes@example.edu,527-300-9550x397
18,Amy,Rodriguez,pvasquez@example.edu,+1-688-462-1844x85867
19,Christopher,Thomas,gbernard@example.edu,+1-479-601-9471x44608
20,Janice,Nichols,murphyjamie@example.edu,600.787.0091x54003
21,Katie,Flores,danielle17@example.edu,8457046071
22,Daniel,Green,simpsonandrea@example.edu,001-897-676-6432
23,Jason,Mathews,dlarson@example.edu,246.300.6810x8063
24,Sara,Davenport,hillbethany@example.edu,509.578.5075x00683
25,Heather,Murphy,sancheznathan@example.edu,+1-614-549-1827
26,Danielle,Rodriguez,emily30@example.edu,452-488-9329
27,Lisa,Moore,hunter49@example.edu,5658047404
28,Carolyn,Massey,maldonadodawn@example.edu,+1-772-849-5671x3233
29,Nancy,Garcia,vincentjordan@example.edu,001-902-314-3538x840
30,Vincent,Boyd,ghensley@example.edu,+1-305-338-8415
31,Christopher,Weaver,stephenreynolds@example.edu,001-429-993-6933x739
32,Stuart,Parks,debrablair@example.edu,747-858-3843
33,Julie,Robbins,tiffany69@example.edu,405-292-2741
34,Vickie,Wright,smithaustin@example.edu,507.424.0394x589
35,Christopher,Mathews,smithwendy@example.edu,001-288-872-9826x19691
36,Donna,Wilson,sarahyoung@example.edu,572.928.0094x015
37,Michelle,Taylor,summer71@example.edu,001-359-261-7814x835
38,Kimberly,Wilkerson,reillyclaudia@example.edu,886-397-2883x37681
39,Kevin,Padilla,ugreen@example.edu,(706)842-0242x8365
40,Marcus,Middleton,rriddle@example.edu,(459)444-0307x3387
41,Kayla,Collins,carlosgarcia@example.edu,(684)984-0388x00600
42,Sean,Fuller,troyashley@example.edu,(201)533-1869x18468
43,Mark,Ramirez,lindsaytaylor@example.edu,001-275-858-7928x421
44,Mary,Lester,heatherwatson@example.edu,001-863-770-8577x7755
45,Jennifer,Oneill,collin58@example.edu,943.956.9941
46,Johnny,Mcbride,sara44@example.edu,581-207-0106
47,Michael,Boyd,jbrown@example.edu,232.737.7148x99901
48,Mark,Newman,pamelarose@example.edu,001-487-654-0423x3547
49,Michelle,Freeman,blackwellbryan@example.edu,2128412090
50,Jesse,Rojas,martinezmichael@example.edu,492-365-0974x764
51,Marvin,Brooks,jbanks@example.edu,001-937-582-8976x637
52,Mary,Brown,pgoodwin@example.edu,744.768.3244x2263
53,Ryan,Reed,uhart@example.edu,279.482.7681
54,Lauren,Fox,gtyler@example.edu,(280)421-1117x1552
55,Rachel,Bird,traceyblair@example.edu,580-937-9798x9845
56,Joshua,Aguirre,cassandra73@example.edu,(989)714-7030x6162
57,Catherine,Diaz,curtisjeffrey@example.edu,832-893-2283
58,Charles,Frederick,robert50@example.edu,934-645-8686x324
59,Julie,Wright,calvin98@example.edu,751-259-4722x891
60,Tonya,Carey,meghan24@example.edu,(334)489-2158x63952
61,Deanna,Flores,wrightrobert@example.edu,+1-640-414-3247
62,Samantha,Ward,nicole48@example.edu,599-309-3714
63,Benjamin,Miller,vanessa43@example.edu,+1-558-568-7804x246
64,Barbara,Yoder,hbowman@example.edu,(676)677-5010x6162
65,Thomas,Ford,kwilson@example.edu,001-504-454-6972x749
66,Erin,Williams,thomasedward@example.edu,(396)883-3023
67,James,Jackson,heatherstevens@example.edu,+1-673-773-8392x9180
68,Allison,Williams,joshua55@example.edu,992.747.0352
69,Martha,Norris,turnermarie@example.edu,347.714.4858x20203
70,Jason,Anderson,brooksdesiree@example.edu,+1-934-349-4975x490
71,Peter,Smith,todd84@example.edu,001-408-260-4469
72,Christina,Jones,obryant@example.edu,001-875-319-5373x23483
73,Timothy,Davis,ramosheather@example.edu,6845257064
74,Christopher,Cochran,fmcdonald@example.edu,713-657-1746x429
75,Matthew,Howe,samantha87@example.edu,731-498-4378
76,Anthony,Kelley,rrussell@example.edu,886.849.6285
77,Geoffrey,Roberts,jonathanparker@example.edu,(724)345-8587
78,Teresa,Rodriguez,zsanchez@example.edu,(510)856-5610x685
79,Joseph,Ellis,amandaflores@example.edu,001-506-716-0203x499
80,Darryl,Johnston,campbellmonica@example.edu,(391)395-9110x494
81,Brian,Peterson,tmedina@example.edu,333.984.9702x04163
82,Victor,Hill,montgomerypamela@example.edu,(697)953-8429x27032
83,Margaret,Wallace,hubbardmichael@example.edu,700.388.4632x86656
84,Jamie,Perry,jwalters@example.edu,(994)811-2415x28794
85,Shannon,Martin,oterrell@example.edu,(361)754-2798x89449
86,Mariah,Schmidt,alewis@example.edu,(260)945-5956
87,Ryan,Walker,morrisjonathan@example.edu,912.746.8111
88,Charles,Brown,ashley56@example.edu,697.817.0175
89,Richard,Hunter,morenobenjamin@example.edu,285.523.2386x58887
90,David,Davis,frederick93@example.edu,001-579-973-0160x01294
91,Casey,Henderson,daniel44@example.edu,668-875-3568
92,Abigail,Huffman,carlsmith@example.edu,001-775-957-1389
93,Alexander,Wilcox,sean09@example.edu,717-879-5153
94,Kathryn,Hopkins,brian81@example.edu,(651)241-0317x7619
95,Samuel,Rodgers,nathan01@example.edu,400.539.2106x81210
96,Holly,Mendoza,whitneyhardy@example.edu,753.730.2566
97,Carly,Clark,bryancross@example.edu,(930)717-8098
98,Jesse,Taylor,sloandaniel@example.edu,001-402-527-7462x297
99,Sean,Delgado,pjohnson@example.edu,+1-443-231-9091x01091
100,Whitney,Werner,trujillotaylor@example.edu,237-645-9535
101,Jacqueline,Mitchell,lisa02@example.edu,318.686.7891x64963
102,Kristen,Chavez,smithalexis@example.edu,001-816-420-1575x173
103,Marcus,Williams,wrightbrandi@example.edu,7446070843
104,Deanna,Evans,fmiller@example.edu,568-530-1587x9068
105,Scott,Rubio,xfoster@example.edu,3616488678
106,Brian,Lopez,dlopez@example.edu,(739)489-4202x1393
107,Jessica,Jones,bgibson@example.edu,612-838-0013x055
108,Jill,Dunn,christopher87@example.edu,239.619.3505
109,Sharon,Riddle,mary31@example.edu,001-817-649-2939x9034
110,Matthew,Ochoa,nayala@example.edu,001-318-801-4582x21579
111,Michael,Savage,andrewjones@example.edu,(323)687-4610
112,Nicholas,Miller,allenjacob@example.edu,(610)929-2847x9431
113,Kevin,Howard,heidi93@example.edu,667-942-8248
114,Gregory,Walker,quinnxavier@example.edu,6977570936
115,Samantha,Lewis,rebeccawood@example.edu,001-450-403-9928x8217
116,Christina,Espinoza,uolsen@example.edu,(972)603-0620x369
117,Troy,Everett,davidware@example.edu,2266275051
118,William,Carlson,georgejohnson@example.edu,700.723.0531x027
119,Roberto,Butler,adavenport@example.edu,372-687-8499
120,Regina,Sharp,vpetersen@example.edu,+1-577-597-9607x89592
121,Jennifer,Lester,sharonsims@example.edu,001-501-304-6278x3315
122,Randall,Leonard,ybradford@example.edu,926.371.9047x458
123,Crystal,Reed,cmathews@example.edu,(976)897-2666x3584
124,Anne,Lee,markssandra@example.edu,697-279-6478x613
125,Bryan,Pacheco,butlerphilip@example.edu,+1-554-688-0459x069
126,Brian,Munoz,elizabethwilson@example.edu,558.202.8922x80301
127,Calvin,Hood,wrightchristopher@example.edu,001-604-610-5284x5407
128,Jessica,Lee,josephdavis@example.edu,877.300.2364
129,Kevin,Smith,phillipmyers@example.edu,001-952-332-5606x57812
130,Theresa,Wallace,lpadilla@example.edu,(654)648-2566
131,Eric,Gray,fflores@example.edu,622.348.8897x0908
132,Matthew,Roberts,ericagarner@example.edu,801.962.4883
133,Natasha,Love,stacyscott@example.edu,451.400.9955x0402
134,Stuart,Williams,vincentelliott@example.edu,+1-315-346-0095
135,Ronnie,Mendez,kcallahan@example.edu,597-747-5385
136,Steven,Foley,pearsonjennifer@example.edu,607.551.7609
137,Joshua,Flores,rebeccalopez@example.edu,001-998-797-6100x813
138,Lindsay,Hart,latashacallahan@example.edu,+1-574-793-4697x8062
139,Jim,Robertson,dperry@example.edu,(476)309-4281x80366
140,Crystal,Porter,isawyer@example.edu,2978464290
141,Denise,Velazquez,christophermontes@example.edu,001-426-926-7819x46694
142,Adam,Proctor,schwartzvictoria@example.edu,215-685-7552
143,Samuel,Wright,ymccarthy@example.edu,+1-352-216-4696x3722
144,William,Mitchell,jross@example.edu,269-230-0104
145,Alexandra,Ross,jacksongerald@example.edu,(532)274-6408x7320
146,Kristen,Young,traceygreene@example.edu,001-940-203-1253
147,Darius,Jordan,ginaramirez@example.edu,+1-919-974-5129
148,Barbara,Johnson,caitlinsimon@example.edu,864-516-5423x376
149,Cory,Duncan,waynesanchez@example.edu,(788)652-4101x3705
150,Sabrina,Macdonald,melissa35@example.edu,8823776967
151,Kelly,Fletcher,adiaz@example.edu,001-223-772-4781x12129
152,William,Ortiz,gcurtis@example.edu,001-751-999-1366
153,Kyle,Dorsey,oparks@example.edu,+1-464-797-1904x6234
154,Oscar,Williams,ian97@example.edu,(458)868-9361
155,Sarah,Bell,jessica92@example.edu,5599437534
156,Susan,Burns,cwolfe@example.edu,831.913.3584
157,Samantha,Bennett,lauriehogan@example.edu,001-737-871-9503
158,Tony,Bishop,tranjavier@example.edu,001-416-343-0036
159,Shannon,Johnson,johnspears@example.edu,245.381.2094
160,Rachel,Pineda,omccullough@example.edu,(754)386-3165
161,Michael,Carey,sydney57@example.edu,4644702015
162,Stephanie,Carroll,sanchezmichelle@example.edu,+1-800-840-3493x20755
163,Derrick,Manning,erica54@example.edu,+1-490-758-5177
164,Emily,Combs,victor02@example.edu,266-845-3986x945
165,Jose,Alvarez,michelemiller@example.edu,001-762-872-2133x246
166,Stacey,Singleton,chambersjoseph@example.edu,976-711-0130x00379
167,Eric,Hill,jmurphy@example.edu,3279518796
168,Scott,Reed,brittany21@example.edu,001-749-874-3365
169,Lisa,Foster,sandersjason@example.edu,001-649-521-5770
170,Jeremy,Martin,mhayes@example.edu,355.569.2292
171,Autumn,Vega,tcampos@example.edu,(723)521-0303x643
172,Curtis,Mann,lcardenas@example.edu,814.761.5815
173,Andrew,Ruiz,christopher45@example.edu,436-931-9359
174,James,Owens,griffithbrian@example.edu,001-383-497-2074x87691
175,Amber,Powell,tayloralexander@example.edu,688.952.9070x87850
176,Robert,Cruz,donnaharris@example.edu,857-405-4523x573
177,Scott,Kirk,stephengordon@example.edu,001-452-673-6515
178,Angela,Jackson,carrie07@example.edu,(643)967-9858x869
179,Ellen,Nixon,ushannon@example.edu,946-982-5559x123
180,Stacy,Delgado,pattersonbrittney@example.edu,(281)850-7566
181,David,Fuller,armstrongmark@example.edu,+1-784-448-5579
182,Katie,Stein,timothykoch@example.edu,+1-906-802-9740
183,Angela,Madden,jessica66@example.edu,792.837.0610
184,Jeffrey,Lane,carrieayala@example.edu,219.892.2546x80833
185,Adam,Christian,ejones@example.edu,712-556-2970x03801
186,Doris,Blackburn,kbrown@example.edu,359.724.4279x929
187,Jeanne,Taylor,fespinoza@example.edu,881-649-5483
188,Laura,Williams,pricelisa@example.edu,(848)687-9667x221
189,Daniel,Wilson,christopher09@example.edu,2665462840
190,Patricia,Smith,shelia58@example.edu,947.537.8118
191,Christopher,Martinez,qvelasquez@example.edu,558.950.4047x6319
192,Elizabeth,Alexander,carlrivera@example.edu,568-531-1678x46055
193,Renee,Butler,dalejones@example.edu,289.499.3172
194,Jimmy,Erickson,currytony@example.edu,847-605-3478x55889
195,Christy,Cruz,ericowens@example.edu,686-638-1482x34889
196,Lauren,Alexander,esparzaamy@example.edu,902.571.7511x6298
197,Henry,Brown,vwalker@example.edu,(572)883-4409x5675
198,Leah,Wong,jonesryan@example.edu,001-965-746-6484
199,Christopher,Walker,brandy44@example.edu,001-784-229-4107x678
200,David,Smith,ashley26@example.edu,901.621.7842
201,Emily,Hicks,brooke64@example.edu,001-919-353-4138x52571
202,Alexis,Scott,zanderson@example.edu,001-984-550-8663
203,Deanna,Murray,qmcclain@example.edu,507.886.1048x4154
204,Samantha,Andrews,lindseytaylor@example.edu,8163659213
205,Lindsay,Martin,hollandstephen@example.edu,+1-598-911-8952x73352
206,Melanie,Weiss,williamsdana@example.edu,3243041999
207,Brittany,Hodges,harrischelsea@example.edu,527.766.6225x18157
208,Michael,Brady,melissaharris@example.edu,001-704-829-5164
209,Tiffany,Anthony,youngcarrie@example.edu,+1-719-505-3449x654
210,Emily,Thomas,ramirezmelinda@example.edu,317-895-2708x06155
211,Maureen,Peterson,austinmoore@example.edu,397.747.5249
212,Thomas,Smith,michelle89@example.edu,001-222-784-8723
213,Antonio,Wright,xgonzalez@example.edu,717.625.9581x19425
214,Austin,Rodriguez,vasquezlouis@example.edu,930-782-2845x4864
215,Kristina,Walters,dlarson@example.edu,418-602-6112
216,Evan,Bennett,dkim@example.edu,316.519.8517x19130
217,Bianca,Hill,maynardantonio@example.edu,(662)361-9047x740
218,Earl,Vasquez,nelsonlindsey@example.edu,+1-733-681-4685x170
219,Brandon,Zuniga,sarahwatts@example.edu,706-506-6288x27659
220,Henry,Davis,garrettrobertson@example.edu,(669)225-7897x65041
221,Ana,Beck,jacob70@example.edu,001-561-616-4866x224
222,Vanessa,Sawyer,jimenezamanda@example.edu,(843)508-0669x8324
223,Erin,Hunt,stephensalyssa@example.edu,910.326.7530
224,Michelle,Edwards,jeffrey54@example.edu,211-722-6083x8594
225,Leslie,Mcgee,danielhannah@example.edu,(420)488-6096
226,Jared,Morris,joseph40@example.edu,001-873-360-8363
227,Alejandra,Porter,ramosandrew@example.edu,+1-543-985-0883x44740
228,Hector,Summers,housecourtney@example.edu,567.570.4865x2148
229,Sarah,Osborne,sharpjeremy@example.edu,468-698-6432x837
230,Elizabeth,Garcia,brownadriana@example.edu,+1-467-973-0810x7755
231,Carlos,Gonzalez,daniel54@example.edu,001-808-830-2924x908
232,Thomas,Rogers,sking@example.edu,2979892795
233,Dustin,Miranda,cdavis@example.edu,225.853.7945
234,Victoria,Perez,tjohnson@example.edu,804.692.2585
235,Joshua,Schneider,campbellkelsey@example.edu,702.372.8672
236,Robert,Olson,coreybooth@example.edu,001-861-365-0533x92621
237,Shannon,Briggs,denniscassidy@example.edu,(942)600-6805x02972
238,Micheal,Ingram,aford@example.edu,(217)231-8646x9124
239,David,Daniel,barrlaura@example.edu,+1-459-881-9292x88535
240,Peter,Rosales,laura87@example.edu,256-404-0105x468
241,Cynthia,Stout,brandthaley@example.edu,226-312-9531
242,Jacob,Carter,ggray@example.edu,792-274-8399
243,Todd,Miller,stephanienicholson@example.edu,430-919-5398x56979
244,John,Morales,claychristopher@example.edu,862.613.6240
245,Lauren,Hogan,hgreene@example.edu,(647)301-1892x5080
246,Hailey,Sawyer,hensonjessica@example.edu,(222)442-0428x9141
247,Karen,Moran,jacobhaney@example.edu,213.934.4179
248,Jonathan,Andrews,christiangonzales@example.edu,512.604.3141x6595
249,Jacob,Marquez,gina23@example.edu,001-442-554-7638x8250
250,Sheri,Butler,jesse39@example.edu,001-830-230-6092
251,Alyssa,Brown,petersjason@example.edu,774.971.0998
252,Kimberly,West,leroyhall@example.edu,(648)445-3794x738
253,Kevin,Levine,jasminestout@example.edu,6284027726
254,Kevin,Johnson,zterry@example.edu,(245)603-1886
255,Eric,Taylor,margaret86@example.edu,597-876-8229
256,James,Evans,boylephilip@example.edu,+1-880-519-4742
257,Julia,Parrish,lmiller@example.edu,507-969-4367x28717
258,Robert,Lopez,qmcbride@example.edu,509-805-6606x6025
259,Chris,Rubio,kgrimes@example.edu,646-574-4196x21424
260,Dawn,Hayden,jeremymcgee@example.edu,449.775.9066x83440
261,John,Williams,melaniesanchez@example.edu,+1-868-448-6420x41442
262,Jennifer,Walton,jsanchez@example.edu,(433)390-7183x9049
263,Sharon,Lyons,johnsonandrew@example.edu,235.424.7152x836
264,James,Gilbert,nathan47@example.edu,+1-585-549-8074x899
265,Laura,Mckenzie,eddie82@example.edu,001-401-261-7410x8951
266,Amber,Schneider,andreasimmons@example.edu,001-910-374-7781x228
267,Tammy,Cline,johnsonalicia@example.edu,(644)897-3043
268,Samuel,Jones,william05@example.edu,001-492-774-5323x6601
269,Susan,Gomez,juarezjordan@example.edu,2868798030
270,Debra,Pugh,timothyharris@example.edu,9756415601
271,David,Smith,msmith@example.edu,7787437226
272,Beth,Sullivan,csmith@example.edu,(683)740-0190x774
273,Charles,Carter,sylvia74@example.edu,587-926-2783
274,Carlos,Rush,andersentimothy@example.edu,001-752-531-1751x03488
275,Adam,Delacruz,michael42@example.edu,+1-953-398-7151
276,Denise,Jenkins,randy26@example.edu,(515)617-8869
277,Todd,Haas,stephanie72@example.edu,519-704-3811
278,Leonard,Solomon,cbrooks@example.edu,(237)747-4123x366
279,Morgan,Gamble,revans@example.edu,001-753-253-2532
280,Katherine,Taylor,marycarter@example.edu,(602)373-1310
281,Thomas,Martinez,jerry29@example.edu,+1-254-287-2675x60524
282,Shelby,Cole,brownsandra@example.edu,+1-481-200-9296x42738
283,Kristin,Green,oaguilar@example.edu,256.642.3888x8610
284,Michael,Curtis,amanda17@example.edu,964.434.6985x8128
285,Michael,Morgan,patrick10@example.edu,001-685-506-6199x1067
286,Joshua,Anthony,trodriguez@example.edu,+1-769-590-9189x839
287,Nicholas,Clark,mariohunter@example.edu,(292)429-2886x027
288,Thomas,Jones,rosecarl@example.edu,322.500.5863x07881
289,Gary,Cox,tiffany14@example.edu,+1-447-935-7136x937
290,Bobby,Walker,uperez@example.edu,282-473-8250x14395
291,Gregory,Gallagher,zmendoza@example.edu,4559387041
292,Amy,Allen,brownrichard@example.edu,594-892-6625x296
293,Willie,Horton,qharrison@example.edu,496.491.8021x4191
294,Robert,Yoder,larry10@example.edu,905-331-8428
295,Mark,Solomon,marypeterson@example.edu,+1-405-500-4897
296,Riley,Campbell,feliciaramirez@example.edu,(535)875-2529x92983
297,Spencer,Perkins,peterprice@example.edu,854-922-6201x70632
298,Nathaniel,Martinez,castrosarah@example.edu,331-553-8407x55186
299,Vanessa,Chapman,brenda03@example.edu,4217977257
300,Jessica,Stephens,mccartykaren@example.edu,001-923-786-9944x322
301,Jason,Torres,vazquezmichael@example.edu,885-709-3689
302,Kerri,Thompson,baileyyoung@example.edu,+1-965-763-2561
303,Jared,Williams,kathleensimmons@example.edu,7035696058
304,Melissa,Bernard,jillnewman@example.edu,(934)769-8804x948
305,Victor,Martin,leachbrian@example.edu,+1-332-512-9248x50498
306,Nicole,Henderson,fosterbrian@example.edu,440.444.6043x98677
307,Kim,Gonzalez,henryfields@example.edu,(604)969-8539x45549
308,Sharon,Thompson,debramartinez@example.edu,402.594.3725x96884
309,Jessica,Duffy,preynolds@example.edu,730.550.4797
310,Morgan,Taylor,bernardtanner@example.edu,(678)850-7653x0296
311,Renee,Chambers,asalazar@example.edu,844-925-5904x2164
312,Jeremiah,Mayer,rmiller@example.edu,(565)520-9394x2377
313,Lindsay,Meza,omorrow@example.edu,(664)859-4888
314,Heidi,Ross,rogersphilip@example.edu,4112928278
315,Joseph,Daniel,lramos@example.edu,001-293-830-7599x354
316,Brandon,Small,petersonjoshua@example.edu,+1-624-469-8152x378
317,Kathy,Hill,robertgarcia@example.edu,324.644.5928x75316
318,Tyler,Donovan,lindsaydiaz@example.edu,8987211654
319,James,Barajas,forddwayne@example.edu,297-238-3212
320,Jeffrey,Nelson,justin91@example.edu,001-554-497-8478
321,Nicole,Dawson,osavage@example.edu,393.915.9169x5420
322,Pamela,Fowler,watkinsmarcus@example.edu,292.213.8834x4027
323,Christopher,Black,hayley87@example.edu,952-422-5396x6453
324,Nicole,Morris,itaylor@example.edu,995.447.6827x0635
325,John,Ibarra,phenderson@example.edu,(874)564-8191x9719
326,Brandy,Carter,nsmall@example.edu,450.416.6686
327,Heidi,Rowe,benderbrandon@example.edu,864-382-8885
328,Perry,Fleming,mark80@example.edu,(207)707-3020
329,Erica,Murphy,robertnichols@example.edu,+1-688-774-9745x67018
330,Donna,Gonzalez,jparker@example.edu,950.642.7862
331,Virginia,Lara,reevesalicia@example.edu,606-350-9672
332,Craig,Hubbard,iortiz@example.edu,001-480-503-4831
333,Christopher,Smith,melissareyes@example.edu,001-655-211-9569
334,Mark,Wright,johnsonisaac@example.edu,+1-506-663-4645
335,Jon,Osborne,timothy88@example.edu,(836)594-5875x6077
336,Vanessa,Rodriguez,robertwebster@example.edu,(405)284-8190
337,Clarence,Clements,asanchez@example.edu,(587)608-0278
338,Scott,Lee,kimberlyhancock@example.edu,(275)532-6079x886
339,Latasha,Johnson,ftorres@example.edu,001-608-432-0884
340,Edward,Ortiz,jfitzpatrick@example.edu,(901)634-5142x5035
341,David,Williams,morenorachel@example.edu,692.664.8687x3149
342,Tammy,Garcia,jonathanwhitaker@example.edu,925.697.1875x203
343,Alexis,Hayes,tyler15@example.edu,493.732.7085x753
344,Keith,Stout,adam58@example.edu,268-843-2996x852
345,Angela,Williams,morgansusan@example.edu,+1-252-463-5375x2770
346,Katherine,Smith,goodwinapril@example.edu,480.971.2539x3669
347,Thomas,Stone,nicholasarias@example.edu,+1-656-703-8280x4021
348,Alexis,Garcia,kevinfleming@example.edu,+1-602-526-5220
349,Christine,Rose,april47@example.edu,(224)509-7586
350,Kimberly,Lee,williehill@example.edu,(375)456-8598
351,Charlene,Watkins,fprice@example.edu,+1-729-741-9083x61598
352,Jenna,Fox,pamela22@example.edu,909-224-5119x573
353,Lawrence,Sellers,kbaker@example.edu,798.726.5820x590
354,Chad,Glover,ryan77@example.edu,570-833-5030x3067
355,John,Coffey,nancyaguilar@example.edu,921-886-7274x89799
356,Tracy,Kelly,gina36@example.edu,8828487363
357,Brenda,Deleon,wadelaura@example.edu,774-943-3008x09808
358,Joshua,Wilson,gloriawolf@example.edu,+1-246-203-9082x616
359,Jake,Browning,shawngalvan@example.edu,562-904-6112x9749
360,Peter,Peterson,pamelaanderson@example.edu,492-346-4029x08195
361,Kenneth,Brown,dickersonpatricia@example.edu,877.222.2698x625
362,Natalie,Salazar,annmiller@example.edu,001-479-395-1793
363,Joseph,Hamilton,butleralisha@example.edu,+1-922-409-6148x5622
364,Nancy,Oconnor,crystal13@example.edu,(540)260-5539x9417
365,Richard,Rhodes,dixonwayne@example.edu,315.484.7107x38906
366,Patricia,Sellers,kelleyjessica@example.edu,299-922-4432x361
367,Rebecca,Lopez,eeaton@example.edu,449.869.5199x682
368,Brett,Willis,lovemichael@example.edu,(705)949-4170
369,Ruth,Ramirez,jason66@example.edu,405-645-0833
370,David,Joyce,james64@example.edu,001-448-397-2366
371,Bernard,Norman,jasonsalazar@example.edu,8677814141
372,Brittany,Sullivan,carpenterdaniel@example.edu,001-454-518-9351
373,Amber,Rodriguez,farmerdavid@example.edu,656-714-1269x24534
374,Jason,Taylor,wchambers@example.edu,001-569-269-8040x319
375,Jeremy,Lowe,allison45@example.edu,8292587788
376,Angelica,Clark,reidnicholas@example.edu,612-308-4878x9097
377,Sherri,Estrada,kathleen75@example.edu,(794)456-7361
378,Rachel,Vasquez,jaredmack@example.edu,001-558-871-4682x67338
379,Alicia,Hunter,thomasmaurice@example.edu,977-356-8570x564
380,Isabella,Mclaughlin,kellykatie@example.edu,+1-220-546-9239x7158
381,Rachel,Hobbs,nicholassmith@example.edu,+1-489-308-0468
382,Richard,Potter,cynthiagray@example.edu,6716216761
383,Lisa,Peterson,amybrown@example.edu,971.798.4695
384,Jessica,Clark,millertiffany@example.edu,9342200500
385,Michael,Carlson,vhunt@example.edu,648-761-9997
386,Kimberly,Bradley,angelacook@example.edu,609.739.1004x9289
387,Kenneth,Wilson,kaitlynhess@example.edu,(616)613-3151
388,Robert,Shah,phillipsjanet@example.edu,226.819.1989
389,Jodi,Barker,daniel42@example.edu,001-564-574-2798
390,Christina,Simpson,csnyder@example.edu,+1-740-962-4875x36327
391,William,Andersen,floresalexis@example.edu,001-591-318-3731x317
392,Joseph,Snow,xmyers@example.edu,+1-858-588-7582x39258
393,John,Gillespie,hrobbins@example.edu,651.694.4198x1748
394,Joseph,Stewart,sabrinabates@example.edu,804.353.8135x795
395,Andrea,Rivas,gbyrd@example.edu,(946)343-7898x23240
396,Melissa,Kelly,lesliedeleon@example.edu,+1-945-891-5022x314
397,Cheryl,Johnson,patricia95@example.edu,(672)240-2883
398,Preston,Obrien,morrisjames@example.edu,+1-444-951-3875x4347
399,James,Wade,robert89@example.edu,001-406-634-0067
400,John,Christian,davisdavid@example.edu,630.415.7225
401,Paul,Crawford,jessica30@example.edu,+1-925-466-1154x809
402,Kimberly,Hicks,brittanyhunter@example.edu,001-524-966-1983x858
403,Wesley,Garcia,stephen57@example.edu,652-452-4280x245
404,David,Holmes,angelaharmon@example.edu,(387)784-0390x49083
405,Katelyn,Norris,duncannicholas@example.edu,+1-849-657-8624x098
406,Andrew,Davis,thompsonkatie@example.edu,(761)978-6656
407,Pamela,Long,jasmine03@example.edu,551-274-1626x10316
408,Melissa,Jones,amanda49@example.edu,(801)410-5977x9593
409,William,Hinton,csolis@example.edu,8952291159
410,Jennifer,Walker,tranmelissa@example.edu,(783)377-4836
411,Clayton,Anderson,marcfisher@example.edu,682.447.4464x9998
412,Cynthia,Stone,brandi02@example.edu,864.451.7728
413,Mary,Malone,fjacobs@example.edu,222.966.9393x09371
414,William,White,cooperkevin@example.edu,+1-563-252-4439x780
415,Kenneth,Lynch,vthomas@example.edu,(480)630-1032
416,Wendy,Li,stricklandrobert@example.edu,+1-704-726-0025x65855
417,Kenneth,Johnson,rrobinson@example.edu,001-203-618-5925
418,David,Morales,wendymckinney@example.edu,954-643-3008x404
419,Jon,Wright,rothcindy@example.edu,9725503266
420,Jennifer,Davis,richard76@example.edu,+1-392-636-1361x924
421,Ryan,Sullivan,powellryan@example.edu,(940)794-9975x1423
422,Katherine,Garcia,elizabeth86@example.edu,(748)561-1465x457
423,Ryan,Soto,krista33@example.edu,+1-285-568-6858
424,Natalie,Mcbride,mahoneyjennifer@example.edu,(461)381-4959x491
425,Jessica,Martinez,daniel74@example.edu,+1-915-349-4477x0580
426,David,King,doylematthew@example.edu,901-576-3512x6305
427,Derek,Chung,xchan@example.edu,653-475-3466
428,Vincent,Walker,ballardchristopher@example.edu,(211)890-1881
429,Rebecca,Lee,paynerichard@example.edu,001-487-987-8542x7836
430,Seth,Jackson,stephanieclark@example.edu,402.636.7201x55326
431,Andrew,Ellis,chasemonique@example.edu,417.305.5444x878
432,Jeremy,Long,stephen98@example.edu,001-916-248-3209x1382
433,Christine,Wiggins,sarahanthony@example.edu,529.385.6821
434,Michael,Cantu,proberts@example.edu,487.528.8606x984
435,Beth,Sanchez,jeremyherring@example.edu,556.973.2885
436,James,Mathews,rodrigueztina@example.edu,624.402.6804
437,Stephen,Rodriguez,dawsonelizabeth@example.edu,(704)268-7514x102
438,Todd,Phillips,jessica52@example.edu,+1-720-894-0084x998
439,Bradley,Baker,qcole@example.edu,(615)940-2042
440,Brandi,Stevens,jessica21@example.edu,001-410-777-1755x5259
441,Jane,Good,morgan53@example.edu,362-701-4527x9384
442,Andrea,Pham,maxwell14@example.edu,242-784-0119
443,Richard,Smith,derek55@example.edu,799-974-4837
444,Bradley,Moss,gina91@example.edu,639.644.7200
445,Susan,Morales,xbrown@example.edu,001-226-687-1923x647
446,Wyatt,Flores,smithkathleen@example.edu,001-701-679-5288x113
447,Tanya,Smith,frederickkemp@example.edu,001-556-375-9280x21012
448,Taylor,Peters,tjones@example.edu,824.435.6252
449,Andrew,Hernandez,rdaniels@example.edu,288-525-1492x1419
450,Karen,Pratt,bryan67@example.edu,251.944.1705x6935
451,Tara,George,muellerkathleen@example.edu,+1-727-743-1228x99130
452,Dennis,Allen,johnsonamanda@example.edu,001-589-468-2964x162
453,Angela,Ross,nicole48@example.edu,(318)686-3030
454,Barbara,Johnson,gary46@example.edu,671-292-3874x22771
455,Jerry,Hines,henryjennifer@example.edu,(961)587-3726
456,Thomas,Hernandez,john49@example.edu,609.764.9893x2522
457,Yesenia,Garrison,mcmillanstacey@example.edu,001-465-638-2761x29782
458,Jonathan,Baldwin,rachel64@example.edu,(355)410-1361x194
459,William,Santiago,welchamanda@example.edu,996-539-8321x8380
460,Sean,Brooks,rmontgomery@example.edu,+1-269-480-6114
461,Jennifer,Woods,mchristian@example.edu,+1-934-364-5065x93031
462,Dustin,Wheeler,rodneytorres@example.edu,001-726-454-5428x7640
463,Angela,Perry,davidatkinson@example.edu,001-909-863-2126x22081
464,Tonya,King,nicole51@example.edu,755-857-8004x1600
465,William,Fisher,hyoung@example.edu,(917)701-8110
466,Dana,Alvarez,lauriemurray@example.edu,001-232-382-8919x12832
467,Chris,Mcmahon,andrearaymond@example.edu,914.770.6397
468,Glenn,Crawford,awilson@example.edu,+1-221-437-2085
469,Sharon,Benton,matthew22@example.edu,703.212.0812x8213
470,Stephanie,Long,danamoore@example.edu,+1-988-822-9718
471,Shannon,Roberts,oodom@example.edu,+1-293-259-9590x840
472,David,Keith,jonathanmiller@example.edu,941-872-1572x7200
473,John,Gordon,tstewart@example.edu,(612)332-4291
474,William,Williams,briannorman@example.edu,873.815.8810x379
475,Joseph,Hamilton,scottsanchez@example.edu,(930)379-6113x27434
476,Leslie,Scott,fbaker@example.edu,+1-736-640-0954x2972
477,Angela,Davis,johnporter@example.edu,235.896.3429
478,Larry,Velazquez,cathy67@example.edu,757-445-9396x507
479,Michelle,Mcdonald,seanbrown@example.edu,243.783.4992x195
480,David,Gaines,davidduran@example.edu,001-953-667-7256x3972
481,Thomas,Rowe,kboyle@example.edu,450.667.1735
482,Bradley,Guerrero,padillalee@example.edu,754-310-2828x7449
483,Cindy,Smith,rodriguezdawn@example.edu,(428)544-7859x794
484,Randy,Hardy,clopez@example.edu,317.833.3668x75884
485,April,Morris,swall@example.edu,+1-669-388-2782
486,Darlene,Moreno,thompsonanthony@example.edu,516-701-9528
487,Andrew,Larson,lvaldez@example.edu,222.263.7553x2235
488,Heidi,Taylor,ddavis@example.edu,(462)665-7475
489,Andrew,Rush,edwardrogers@example.edu,001-262-451-1999x23456
490,John,Graham,sanderson@example.edu,995.870.4128x32154
491,Travis,Jones,thomaskenneth@example.edu,726.623.5688
492,Katrina,Rodriguez,petersonreginald@example.edu,+1-691-837-4390
493,Joshua,Mitchell,hannahhardin@example.edu,472.934.3211x8774
494,Rachael,Rivas,wclark@example.edu,673-751-6989
495,Joshua,Reyes,brandon03@example.edu,(648)756-7146x9546
496,Daniel,Kirk,hillsara@example.edu,(615)541-6857x483
497,Carlos,Rodriguez,mtownsend@example.edu,655-947-3625x3864
498,Debra,Bates,msanchez@example.edu,505.393.4159x854
499,Joanna,Rice,brangel@example.edu,570-498-8470x971
500,Theresa,Ortiz,brentwu@example.edu,001-670-611-7656x89202
501,Christina,Mcfarland,megan96@example.edu,(521)367-1002x13136
502,Tonya,Daniels,tgutierrez@example.edu,345-914-5424x3499
503,Kaitlyn,Hunter,tamara73@example.edu,501.281.2238
504,Brittany,Taylor,humphreylaura@example.edu,001-931-971-9225x767
505,Joshua,Wyatt,sonyaleach@example.edu,+1-237-599-7681x9400
506,Megan,Miller,tboyd@example.edu,+1-835-953-9061x7962
507,Nicole,Oneill,hullscott@example.edu,(704)780-5846x04233
508,Jennifer,Thompson,joelnichols@example.edu,(515)509-2950x700
509,Jennifer,Heath,olivia62@example.edu,6899262053
510,Alejandro,Gibbs,hroberts@example.edu,600.789.5725x898
511,Amanda,Watts,gomezelizabeth@example.edu,781.645.0120
512,Kristen,Logan,phillippeterson@example.edu,+1-513-236-7786x9523
513,Casey,Bailey,sperez@example.edu,739-639-6970
514,Kristy,Bryan,leemaria@example.edu,624-997-9696
515,Mark,Lloyd,williamsmichael@example.edu,001-837-300-9985x6825
516,Laura,Cross,hurleytom@example.edu,767-472-1690x264
517,Angel,Ferrell,ryan10@example.edu,(698)334-1733
518,Eric,Hutchinson,elizabethbradford@example.edu,921-838-7588x0370
519,Kaitlyn,Burns,susan00@example.edu,(371)203-5995x666
520,Lisa,Freeman,ugross@example.edu,876.490.7626x612
521,Nicole,Sutton,nicole34@example.edu,374.328.7176x2471
522,Heather,Williams,brian30@example.edu,452-519-1456
523,Christopher,Fischer,kbaker@example.edu,500.872.5315
524,Samantha,Thomas,patriciale@example.edu,(989)650-1356x305
525,Timothy,Davidson,lopezphillip@example.edu,779.376.2966
526,Taylor,Thompson,autumn47@example.edu,(750)988-3636x35392
527,Jennifer,Anderson,charlescraig@example.edu,001-276-275-3633x88357
528,Shannon,Peck,williamrios@example.edu,923-982-3642
529,Michael,Larsen,lauren94@example.edu,404.451.7255
530,Patrick,Gilbert,bookerjanice@example.edu,001-740-297-1525x16639
531,Richard,Fox,tadams@example.edu,001-945-283-1204x6683
532,Jennifer,Garcia,rose02@example.edu,409-905-8263
533,Taylor,Gross,jessicasimmons@example.edu,609.919.4145x9795
534,Christopher,Kelley,brian73@example.edu,+1-878-613-3959x9622
535,Stephanie,Campbell,beardkelly@example.edu,614.459.5369x724
536,Shelby,Fitzpatrick,dorothyrogers@example.edu,001-281-373-2187x56959
537,Jeffery,Briggs,aguilarchris@example.edu,897-306-1795x68004
538,Dennis,Nolan,brian19@example.edu,601.840.3523
539,Morgan,Kelly,parkerloretta@example.edu,881-530-6620x340
540,Sarah,Mack,thomasfoster@example.edu,(733)811-3133x722
541,Lisa,Valdez,mgeorge@example.edu,(710)919-0287x800
542,Victor,Weaver,randallsally@example.edu,(580)678-2255
543,Brent,Davenport,brendakelly@example.edu,421.475.6639
544,Douglas,Hart,gary36@example.edu,950.972.3244
545,Juan,Osborn,frankjohnston@example.edu,9277815530
546,Catherine,Suarez,jsmith@example.edu,780.962.6085x25013
547,Destiny,Jackson,singhmark@example.edu,(937)213-5126x96477
548,John,Gonzalez,saraharris@example.edu,3456816038
549,Jennifer,Fry,walter78@example.edu,001-856-945-9954x605
550,April,Fletcher,hernandeztina@example.edu,001-610-959-8387x2961
551,Taylor,Sawyer,michele90@example.edu,(733)281-0704
552,Christopher,Gomez,irhodes@example.edu,4385037020
553,Nancy,Hunter,jasmine32@example.edu,3517866180
554,Roy,Miller,kbruce@example.edu,001-426-726-3482
555,Daniel,Miller,ameyer@example.edu,596.800.6790x777
556,Matthew,Smith,kylereese@example.edu,(679)728-8081x57510
557,Rebecca,Monroe,jordan84@example.edu,725.509.7558x01405
558,Douglas,Logan,hayesmichael@example.edu,332.601.4513x742
559,Nicholas,Holden,patriciaobrien@example.edu,(713)593-7882x4866
560,Joshua,Smith,walkerjames@example.edu,001-307-647-3833x1248
561,Charles,Lindsey,iblack@example.edu,940-223-1323
562,Shawn,Stewart,ntodd@example.edu,+1-992-444-7274
563,Kimberly,Joseph,rickey63@example.edu,+1-420-773-3193x45316
564,Danielle,Hernandez,nicole74@example.edu,9745268925
565,Chad,Wright,iflynn@example.edu,(249)914-4771
566,Cathy,Caldwell,stewartlisa@example.edu,+1-528-488-5849x3388
567,Kimberly,Richards,princerenee@example.edu,+1-837-760-7369x6831
568,Brian,Byrd,nathanphillips@example.edu,9468054517
569,Lawrence,Rivera,tarastewart@example.edu,328.625.1118x484
570,Abigail,Page,walkerrichard@example.edu,4083665848
571,Henry,Burns,grossdiane@example.edu,527-829-1687
572,James,Morgan,christopher62@example.edu,960.696.1924
573,Timothy,Schroeder,lyonsangela@example.edu,3302706781
574,Jason,Fitzgerald,davisjonathan@example.edu,620.495.7476x0041
575,Stephanie,Porter,martincortez@example.edu,668-505-7558
576,Katherine,Murphy,kaylahernandez@example.edu,3869982210
577,Molly,Jenkins,elizabeth66@example.edu,487.874.0158x4616
578,Steven,Herring,wthornton@example.edu,+1-799-849-0360x663
579,Jacqueline,Lawson,qford@example.edu,+1-875-733-7406x8170
580,Benjamin,Martin,martinallen@example.edu,(612)676-7297x53366
581,Jason,Wilson,allenharrington@example.edu,659.490.1549x23284
582,Cameron,Smith,travis40@example.edu,(756)451-7337x4872
583,Robert,Brown,maureenreed@example.edu,(686)985-0812
584,Kurt,Carter,williamgross@example.edu,5447890681
585,Stephanie,Griffith,john07@example.edu,+1-816-680-5125
586,Erica,Cortez,yhudson@example.edu,+1-496-907-0223x9202
587,Fred,Decker,allisonprice@example.edu,387-207-3333
588,Lindsey,Clark,patrickvaldez@example.edu,951-877-2727x7777
589,Olivia,Hunt,sampsonelizabeth@example.edu,315-380-1225
590,Elizabeth,Lindsey,brenda18@example.edu,703.556.7297x042
591,Sarah,Thomas,audreymartinez@example.edu,+1-950-538-0868x5119
592,Desiree,Kelly,aguilarmichael@example.edu,202-996-7432x49031
593,Karen,Rios,websterleslie@example.edu,+1-366-476-6361
594,Kevin,Schroeder,kathleen77@example.edu,479.820.5596
595,Cheryl,Rocha,kgreen@example.edu,861-570-3057x570
596,Angel,Miller,shelly07@example.edu,4724948879
597,Juan,Wilson,sshaw@example.edu,203.339.1073x085
598,Dennis,Vaughn,danielle09@example.edu,517-953-0410x1521
599,Krista,Hancock,mckayshane@example.edu,001-274-546-7122
600,Michelle,Medina,paynemegan@example.edu,+1-561-517-6000x11088
601,Rachel,May,april21@example.edu,001-220-288-7729x2724
602,John,Hale,jose86@example.edu,909-747-8496
603,Michael,Wheeler,howardcindy@example.edu,(547)962-9295x39094
604,Katherine,Romero,julian64@example.edu,669-404-6552
605,James,Williams,aperez@example.edu,(267)575-1077x913
606,Julie,Webb,grimesheather@example.edu,(879)641-3119x06610
607,Andrew,Cunningham,smitchell@example.edu,+1-608-794-8955x970
608,Toni,Jordan,gutierrezscott@example.edu,(921)389-3458x8630
609,Angela,Lopez,adriana55@example.edu,885.277.2638x86001
610,Amy,Mora,jeffreywalker@example.edu,(783)797-0084x48868
611,Brenda,Smith,stuartwilliam@example.edu,+1-284-976-6794x74489
612,Wayne,Baker,cummingssandra@example.edu,670-452-7236x262
613,Wesley,Diaz,gallowaysteven@example.edu,9434763633
614,Holly,Franklin,turnercourtney@example.edu,+1-248-736-3619x656
615,Brianna,Sanders,elizabeth78@example.edu,+1-731-663-6342x44811
616,Logan,Hoffman,rwhitehead@example.edu,842-804-0298
617,David,Nelson,briannguyen@example.edu,001-513-818-9646x99183
618,Lisa,Ellison,larsonstephanie@example.edu,559-887-5235x1115
619,David,West,meghananderson@example.edu,239.351.7862
620,Christy,Thompson,calderonkristin@example.edu,001-793-792-1888x6361
621,Kari,Curtis,zhurley@example.edu,446-363-1299
622,Carl,Burns,andrefrank@example.edu,253-862-9007
623,Mary,Johnson,marcus95@example.edu,+1-200-450-3774x696
624,Gail,Wright,kramerstacy@example.edu,8513246958
625,Mark,Hanson,robertdaniels@example.edu,756.750.1234x9505
626,Brenda,Skinner,ericpierce@example.edu,329-412-5133
627,Ronald,Stuart,tylerrichards@example.edu,838.678.8438x2853
628,Alison,Weaver,sarah82@example.edu,2786166378
629,Jason,Bailey,manningwilliam@example.edu,(368)954-7399x78405
630,Regina,James,tsmith@example.edu,541-561-7750x433
631,Ashley,Phillips,stefanie28@example.edu,324-995-1412x4789
632,Aaron,Berry,kimberlyflores@example.edu,254-672-6944x3343
633,Fred,Thomas,timothysummers@example.edu,488.215.1010
634,Gabriel,Pierce,williamsnicole@example.edu,+1-746-263-0440x13295
635,Brittany,Becker,rachel06@example.edu,925-436-4178x9141
636,Virginia,Gomez,morganjones@example.edu,(243)784-8403
637,Andrew,Washington,karen40@example.edu,(774)411-5248
638,Nicholas,Jensen,angelawilliamson@example.edu,5892339304
639,Valerie,Dean,ghale@example.edu,304.735.0715x20040
640,Michelle,Terrell,gonzalezdale@example.edu,(427)679-0576x16251
641,Joseph,Cook,plutz@example.edu,970.593.4155
642,Thomas,Yoder,aanderson@example.edu,+1-727-740-7085x852
643,Allison,Kim,dcallahan@example.edu,7165851354
644,Erika,Nichols,glorianguyen@example.edu,792-397-3396x9239
645,Kathleen,Meyer,stephaniejones@example.edu,001-494-515-2477
646,Marcia,Cooper,rebecca94@example.edu,(976)317-8854x6642
647,Melissa,Jones,wendystephens@example.edu,001-561-546-3630x681
648,Kevin,Sampson,joysosa@example.edu,(473)560-8308
649,Nicholas,Hart,morrismichele@example.edu,(665)873-6486x08437
650,Jessica,Holmes,ugreer@example.edu,316-371-2833x3409
651,Douglas,Carr,xkramer@example.edu,(725)731-7081x219
652,Samantha,Smith,warderin@example.edu,001-424-382-6010
653,Steven,Warren,amandamorgan@example.edu,+1-960-889-3692x9590
654,Kayla,Villarreal,ryan80@example.edu,496.870.5434x07351
655,Ronald,Holder,marcusjohnson@example.edu,001-485-508-7366x9199
656,Lee,Zuniga,williamschristopher@example.edu,272-713-2489
657,Rachael,Watson,popenicole@example.edu,001-495-594-3948x23975
658,Gabriel,Brady,richard69@example.edu,+1-251-212-3257x9322
659,Jason,Ford,penamartha@example.edu,001-632-263-0501x20101
660,Tiffany,Jackson,robert93@example.edu,2688362376
661,William,Hansen,julie24@example.edu,(955)959-9878x6162
662,Rachel,Thompson,churst@example.edu,001-382-593-0853x6067
663,Michael,Butler,billyluna@example.edu,647.487.8838x73420
664,Patrick,Lucas,nrice@example.edu,256.756.4257
665,Joseph,Brown,tinahawkins@example.edu,001-724-331-0621x75053
666,David,Young,vknox@example.edu,488.466.6376x9228
667,Eduardo,Frank,dwright@example.edu,(266)986-8990
668,Rebecca,Mason,laurensims@example.edu,001-329-455-6564
669,Susan,Ross,lisa85@example.edu,736-961-0723x9542
670,Christine,Mcdonald,bhansen@example.edu,948.208.3504
671,Karen,Davidson,dlowery@example.edu,+1-309-368-0870x543
672,Bruce,Choi,ereed@example.edu,001-783-606-4940x639
673,Todd,Brown,burnsdavid@example.edu,698.458.1737x1072
674,Brian,Dunn,hannahwolfe@example.edu,855-609-4119
675,April,Sullivan,charlesmartinez@example.edu,919-677-1889x6882
676,Mary,Wright,cheryl14@example.edu,233-722-5513x1077
677,Christopher,Lawrence,gordonallison@example.edu,+1-863-326-8277x1248
678,Jennifer,Richardson,hbird@example.edu,(962)241-6435
679,Amanda,Davis,matthewflynn@example.edu,(641)244-6395x5232
680,Carl,Frey,maldonadochristopher@example.edu,817-420-9700x278
681,Catherine,Sweeney,iperry@example.edu,+1-969-686-6993
682,Edward,Greene,vmack@example.edu,001-817-912-4317x578
683,Rachel,Castaneda,bradymatthew@example.edu,542-983-1610
684,John,Stephens,mleach@example.edu,987-227-2909x41910
685,Kerri,Doyle,lunajennifer@example.edu,746-500-0849x23922
686,Desiree,Bowen,kevinjohnson@example.edu,+1-544-548-2663
687,Justin,Case,eowens@example.edu,+1-358-433-6501x7107
688,Judy,Johnson,nicholscynthia@example.edu,838-648-0534x339
689,Jennifer,Zimmerman,kara74@example.edu,838-647-8097x357
690,Alan,Smith,msanders@example.edu,374-979-9815x2473
691,Richard,Knight,natashaparker@example.edu,375.911.3252
692,Mark,Collins,michaelhill@example.edu,972-771-6574x21316
693,Shawn,Munoz,abigailking@example.edu,3692178316
694,Mary,Montes,drussell@example.edu,(507)622-6593
695,Jonathan,Jordan,dorothy34@example.edu,5937708496
696,Justin,Snyder,andrewcontreras@example.edu,942.548.5961
697,Elizabeth,Myers,mjohnson@example.edu,+1-457-747-3930x9685
698,Janet,Franklin,amanda75@example.edu,001-416-447-4778
699,Michelle,Gonzales,woodwardsavannah@example.edu,(678)628-4505
700,Christopher,Willis,linda74@example.edu,001-659-683-6879x8725
701,Danielle,Anderson,uellis@example.edu,(307)388-0554
702,Michele,Miller,juan53@example.edu,974-855-6868x61600
703,Jeremiah,Rodriguez,hannahwalton@example.edu,+1-831-520-0523x50285
704,Devin,Armstrong,perkinsgregory@example.edu,944.677.8668
705,John,Chandler,nancy01@example.edu,419.479.6276x90644
706,Grant,Schaefer,thoffman@example.edu,001-802-399-1137x5725
707,Sharon,Shaw,silvaleah@example.edu,(814)355-1275
708,Tina,Smith,carrlisa@example.edu,337-629-3230x450
709,Lori,Parker,riveraaaron@example.edu,(218)727-7622
710,Michael,Patton,gravesmelissa@example.edu,616-459-9114
711,Jonathan,Castillo,bryantblake@example.edu,4243689579
712,Roger,Jacobs,andreahaley@example.edu,(616)746-4784
713,Samuel,Freeman,dlopez@example.edu,(527)766-0827x5249
714,Kimberly,Abbott,cherylcasey@example.edu,369-318-7229
715,Stephanie,Moses,bryan45@example.edu,439.300.2239x4724
716,Terri,Johnson,clinejeanette@example.edu,419-307-3548x473
717,Jason,Medina,rioscasey@example.edu,412-626-8971x82455
718,Renee,Evans,christopher00@example.edu,+1-795-323-3681x31738
719,Sarah,King,qjohnson@example.edu,+1-961-468-6891x64379
720,Andrew,Smith,whiteheadrobert@example.edu,432.622.1038x49101
721,Anthony,Gomez,bautistajessica@example.edu,507.965.4652
722,Robert,Williams,alexis99@example.edu,577-276-6127x0110
723,Jenna,Miller,thomas67@example.edu,001-376-661-6722x4881
724,Debra,Hamilton,larrybutler@example.edu,790.204.8039
725,Kimberly,Moore,ujones@example.edu,(354)989-0006x798
726,Susan,Johnson,thomas68@example.edu,963.874.2053x126
727,Jeffrey,Delgado,braymond@example.edu,583.363.7544
728,Joy,Rivera,hernandezdylan@example.edu,489.425.8617
729,Stephanie,Williams,qgrimes@example.edu,+1-302-266-6800x090
730,Kathy,Glenn,riveradanielle@example.edu,+1-858-872-1996x909
731,Ashley,Sutton,patrickdawson@example.edu,260.601.0353x540
732,Aaron,Young,kmalone@example.edu,454.831.2136x2856
733,Tammie,Russell,benjaminpadilla@example.edu,(969)676-1366x879
734,Beth,Singh,uruiz@example.edu,001-567-557-0810x47275
735,Anthony,Hopkins,ipena@example.edu,001-276-383-3495x817
736,Robin,Mcintosh,stevenmorgan@example.edu,001-674-459-8209x93340
737,Amanda,Wilcox,piercejason@example.edu,463.404.3572
738,Sean,Reilly,mwilliams@example.edu,215.637.0951
739,John,Bernard,rpatel@example.edu,695-904-2446x23513
740,Tommy,Warren,elizabethcontreras@example.edu,3839334059
741,Joshua,Hayes,cevans@example.edu,997-209-1546
742,Elaine,Johnson,darrellbarrett@example.edu,733-209-4550x354
743,Joshua,Cooke,tylerwatson@example.edu,+1-686-866-1224x180
744,Jesse,Ortiz,dallen@example.edu,+1-451-229-9357
745,Kara,Myers,lucaslewis@example.edu,001-763-677-7802x20709
746,Juan,Jacobs,stacy54@example.edu,439-224-0820
747,Peggy,Watson,gilbertjoseph@example.edu,001-806-532-8203
748,Kathryn,Tanner,williamsebony@example.edu,856.868.7873x9909
749,Anita,Cox,meghanblake@example.edu,(219)262-8252
750,Robert,Diaz,james92@example.edu,247.276.0332x08627
751,Susan,Long,whale@example.edu,798.803.1103
752,Michael,Benson,greensheila@example.edu,522-375-6442
753,Felicia,Foster,jeanetteware@example.edu,(245)910-3915x45075
754,Brian,Griffith,hillalbert@example.edu,+1-889-662-3329x55945
755,David,Young,brendavazquez@example.edu,6568441422
756,William,Fox,morabrianna@example.edu,540.569.1620
757,Robert,Tanner,rosalesrebekah@example.edu,+1-525-720-6108x1865
758,Bobby,Potter,urodriguez@example.edu,(405)776-2856x121
759,Austin,Cervantes,swansonmargaret@example.edu,393-862-6128x832
760,Shane,Green,kimberly65@example.edu,886.786.9920
761,Cynthia,Simon,sharonbaker@example.edu,607-600-4327x034
762,Shawn,Perry,victoria03@example.edu,+1-273-851-2735x839
763,Tiffany,Ramirez,daniel84@example.edu,(617)967-3845x71218
764,Debra,Cox,xhale@example.edu,8958170088
765,Nicole,Johnson,hannahortiz@example.edu,6773354850
766,Dana,Jackson,proberts@example.edu,785-428-2248x32800
767,Eric,Lee,ashley84@example.edu,6164278189
768,Heather,Hayes,christopher96@example.edu,819-818-0787
769,Jacob,Ramsey,imorgan@example.edu,3667091757
770,Brandon,Smith,christophermorales@example.edu,001-979-638-5868
771,Stephen,Wallace,garrettalexander@example.edu,+1-465-922-4671
772,James,Ali,jonesrachel@example.edu,(496)613-1796x205
773,James,Mcintyre,robert73@example.edu,001-210-714-4064x0691
774,Johnny,Mora,williamsalexander@example.edu,201-256-9628
775,Ronald,Patel,richard98@example.edu,+1-942-436-9372x22016
776,Chelsea,Chen,roberthuynh@example.edu,(462)925-5446x2712
777,Susan,Thomas,amanda28@example.edu,3302293294
778,Christopher,Roy,michellecantu@example.edu,+1-525-378-3633x44119
779,Heather,Fleming,ralph99@example.edu,001-384-685-7590
780,Judy,Barnes,jillsalazar@example.edu,3606888949
781,Dave,Cook,gilbertamy@example.edu,+1-493-802-1906x8433
782,Jennifer,Randolph,ilarson@example.edu,530-461-4088x435
783,Warren,Ayala,andreajones@example.edu,699-675-2252
784,Bruce,Wang,richardsongregory@example.edu,001-638-666-7787x28281
785,Kellie,Lewis,frank99@example.edu,648.749.3266
786,Michael,Blanchard,wilsonjohn@example.edu,(817)356-2890
787,Sonya,Bishop,lauralucero@example.edu,+1-328-937-6935x5201
788,Christopher,Thompson,lisamoore@example.edu,+1-616-337-9368x93173
789,Andrew,Hardy,riverasteven@example.edu,724-808-8995x398
790,Lindsey,Pope,stokeserin@example.edu,897.355.6583
791,Mark,Williams,jamescook@example.edu,822-364-3496x268
792,Laura,Reeves,robertsonkellie@example.edu,001-393-531-8932x03747
793,Ryan,Moore,heatherwiggins@example.edu,818-931-2805
794,Darlene,Moore,joycehurley@example.edu,(456)710-0849
795,Debbie,White,martinangela@example.edu,727-457-4998
796,Sara,King,lisarose@example.edu,+1-385-577-4545x908
797,Kevin,Russell,collinmorales@example.edu,(743)443-7218
798,Jose,Cannon,rebeccakent@example.edu,+1-722-714-5357
799,Thomas,Fernandez,pagejodi@example.edu,8146848422
800,Brandon,Castillo,kennethreyes@example.edu,221.776.3067x117
801,Jason,Perkins,cwalker@example.edu,284-684-7607
802,Jason,Walter,paulwood@example.edu,+1-207-923-1360
803,Sheri,Vazquez,mary25@example.edu,6348349282
804,Brandi,Barton,hayesmary@example.edu,(326)921-0287x12307
805,Russell,Munoz,erogers@example.edu,9387374634
806,Eric,Flowers,patricia87@example.edu,001-293-687-0408x3517
807,Heather,Lester,robert01@example.edu,(775)846-4239x4732
808,Jason,Meyer,hclark@example.edu,7434008508
809,Dawn,Atkinson,aaronharmon@example.edu,681.839.3520x976
810,James,Sutton,williammoore@example.edu,6086437906
811,Joseph,Ware,frank20@example.edu,+1-388-519-0749x7279
812,Kenneth,Bell,perkinsmichelle@example.edu,001-328-229-6433x843
813,Stephanie,Fuller,karina51@example.edu,001-759-525-6945
814,Anthony,Carrillo,hgarner@example.edu,(589)463-4719x2524
815,Wayne,Gilbert,vegasandra@example.edu,001-674-473-9246x84858
816,Luis,Brown,juanmay@example.edu,+1-755-943-0365x4603
817,Gina,Gilmore,barbarapadilla@example.edu,914-484-7932x0473
818,Charles,Wilkinson,daniel53@example.edu,(448)514-6171x203
819,Allen,Johnson,mooreyvonne@example.edu,906.773.3155
820,James,Johnson,nhernandez@example.edu,001-321-505-6604x545
821,William,Nelson,nwilson@example.edu,867.228.0413x44000
822,Blake,King,brandywilson@example.edu,+1-506-783-8945x70885
823,Lauren,Rivera,sgreen@example.edu,397.809.7782x1428
824,Karen,Kramer,williamsian@example.edu,853-522-1798x09054
825,Gregory,Jones,randybaker@example.edu,912-688-4103x59568
826,Jennifer,Morgan,carlamckenzie@example.edu,3199461104
827,Jessica,Anderson,omurphy@example.edu,+1-993-877-8005x04574
828,William,Christensen,allisoncharles@example.edu,738.431.2190
829,Michele,Johnson,kford@example.edu,001-703-346-9419x9074
830,Gregory,Smith,elizabeth83@example.edu,+1-489-634-5850x69229
831,Sandra,Walter,perryjohn@example.edu,+1-448-837-9076x8023
832,David,Ford,christopher69@example.edu,001-604-760-5900x0197
833,Hailey,Wilson,nancy96@example.edu,989.336.1372x9455
834,Harry,Brewer,kennethmitchell@example.edu,(266)454-7365x7606
835,Benjamin,Taylor,jesushawkins@example.edu,878.635.2919x393
836,Crystal,Rich,clementsjack@example.edu,+1-538-274-3763x87583
837,Maureen,Doyle,paulbrooks@example.edu,(770)715-3483x37946
838,Robert,Barber,mwilson@example.edu,3343850589
839,Alan,Smith,michellemcintyre@example.edu,759.697.5578x155
840,Peter,Hall,andrea10@example.edu,788.756.4923x26977
841,Melissa,Mason,brettochoa@example.edu,001-861-959-4836x267
842,Sarah,Bautista,youngwilliam@example.edu,001-898-502-9825x94360
843,Michael,Norman,richardalexander@example.edu,915-660-0265x565
844,Michael,Rogers,butlerlinda@example.edu,544-273-9420x971
845,Troy,Garner,imartin@example.edu,+1-930-992-8687x793
846,Patricia,Griffin,jonathan37@example.edu,+1-595-663-2375x8583
847,William,Good,frederickadkins@example.edu,241.324.3626x899
848,Aaron,Owens,katiehill@example.edu,216.934.6795x8769
849,Lisa,Hunter,murphydean@example.edu,697-504-3569x9691
850,Latoya,Sloan,walkercheryl@example.edu,933.826.0508x8500
851,Kimberly,Erickson,newmankristine@example.edu,001-448-830-1992
852,Robert,Nunez,ljohnson@example.edu,(446)720-0851x75474
853,Victoria,Walton,michaelrobbins@example.edu,(216)670-9220
854,Jeff,Crawford,hdaniels@example.edu,+1-218-886-0913x467
855,Rebekah,Tucker,raymondsantiago@example.edu,+1-617-477-4972x978
856,Joshua,Hardy,susan74@example.edu,(650)868-6336x581
857,Alejandra,Phillips,jaredgarcia@example.edu,678.874.0080
858,Melanie,Delgado,christopher26@example.edu,001-692-698-8891x80016
859,Dustin,Allen,daviscrystal@example.edu,407.995.5500x942
860,Christina,Hernandez,holttina@example.edu,913.289.1215x1984
861,Jamie,Evans,mhernandez@example.edu,2917777166
862,Morgan,Wall,cartertammie@example.edu,529-814-4370x402
863,Sean,Park,troyrogers@example.edu,3349103049
864,Morgan,Lewis,zmiller@example.edu,001-809-460-1771x8997
865,Roger,Savage,davidclements@example.edu,(204)783-0437x225
866,Robert,Johnson,alexandrawilliams@example.edu,233-377-0655
867,Nicholas,Ware,bgonzalez@example.edu,7185916409
868,Elizabeth,Garcia,morrisonchristina@example.edu,334.602.0490x914
869,Lauren,Webb,morrisonkristin@example.edu,493.547.7108
870,Shannon,Myers,uallen@example.edu,(795)293-2115x9291
871,Christine,Perkins,moorerobert@example.edu,967.612.9305x695
872,Jennifer,Herman,alyssa43@example.edu,381-937-0608
873,Kimberly,White,hutchinsonelizabeth@example.edu,001-599-836-8703x923
874,Christopher,Key,martinchristopher@example.edu,855.457.5395
875,Pamela,Doyle,benjamin79@example.edu,5686448988
876,Carol,Michael,elizabethmccoy@example.edu,(809)851-9913x736
877,Gary,Stewart,jeffrey21@example.edu,+1-517-778-5193
878,Briana,Mitchell,amberdouglas@example.edu,406.707.2839x11567
879,Christopher,Holder,nicole59@example.edu,+1-625-337-5794x82804
880,Richard,Garcia,pamsmith@example.edu,001-660-853-7566x2030
881,Isaac,Powers,zwilliamson@example.edu,001-926-771-0505x64907
882,Doris,Pruitt,brucemichelle@example.edu,001-526-487-4312
883,Ashley,Ashley,howard80@example.edu,985-319-8476x954
884,Ashley,Nicholson,monroeaaron@example.edu,+1-292-285-7095x43193
885,Kelly,Sanchez,sfrank@example.edu,001-227-403-2222x07631
886,Melissa,Shah,thomastran@example.edu,2069108003
887,Kathryn,Evans,traviswelch@example.edu,001-846-906-2322x035
888,Tiffany,Hansen,kristina23@example.edu,(778)252-8237x8790
889,Zachary,Villanueva,cmccarty@example.edu,342.771.7046
890,Jessica,Thomas,laurenknox@example.edu,374.743.2182
891,Krista,Smith,howardjohnston@example.edu,+1-569-831-4539x93250
892,Elizabeth,Campbell,brittanycarter@example.edu,(900)480-8423
893,Samuel,Bush,lambertmark@example.edu,301.881.0441x6874
894,Jade,Greene,velezphillip@example.edu,890.345.8498x088
895,Pamela,Foster,pthornton@example.edu,+1-769-331-5712x574
896,Matthew,Gutierrez,smithmegan@example.edu,+1-653-640-1463x835
897,Katherine,Foster,whiterebecca@example.edu,+1-721-586-2487x19174
898,Claire,Ford,rmoreno@example.edu,(896)938-0555
899,James,Bailey,davidgrant@example.edu,001-505-768-0040
900,Melanie,Williams,andrewcarter@example.edu,522-333-9389
901,Jennifer,Miller,lthomas@example.edu,463.206.8519
902,Mary,Smith,juliecoleman@example.edu,(835)458-7787
903,James,Ingram,carterryan@example.edu,001-875-375-0323x0605
904,Valerie,Cole,cynthia10@example.edu,(595)904-1857
905,Emily,Miller,smithtracie@example.edu,702.222.5937x99428
906,Phillip,Perez,harrisjohn@example.edu,862.209.9708
907,Matthew,Orr,david23@example.edu,5859624587
908,Amy,Moore,snowchristine@example.edu,658-322-1279x320
909,Tara,Barr,shannon91@example.edu,+1-205-874-6036x67501
910,Renee,Poole,stephanie18@example.edu,+1-793-574-1833x8656
911,Mary,Brown,kelsey53@example.edu,(956)600-8880x38030
912,Angela,Larson,jamesblake@example.edu,001-304-792-7435x88627
913,Sarah,Mcmillan,fbaird@example.edu,+1-305-241-6373x633
914,William,Jackson,jacobbooker@example.edu,+1-678-297-9759x940
915,Steven,Curry,julie28@example.edu,4939111684
916,Derek,Miller,sherylbrown@example.edu,+1-465-315-8911x39984
917,David,Brown,gallison@example.edu,(315)494-4142x522
918,Vincent,Sullivan,yreyes@example.edu,844.574.7268x90874
919,Jesse,Simmons,amy67@example.edu,639-686-9154x1727
920,Adam,Sanchez,matthew11@example.edu,(353)583-3036x545
921,Sarah,Miller,whitejustin@example.edu,(747)877-8086x12056
922,Ashlee,Chavez,matthewharris@example.edu,(539)407-0310
923,Jennifer,Rodriguez,asmith@example.edu,001-748-229-5149
924,Colton,Hancock,spearsglenn@example.edu,001-515-595-1916x82206
925,Matthew,Love,richard68@example.edu,368.808.3659x808
926,Jamie,Bradley,roy43@example.edu,215.249.0373
927,Michael,Jimenez,kevincooper@example.edu,810.671.6813
928,Bobby,Richards,yjohnson@example.edu,(225)819-9886
929,Rodney,Murphy,ralphhowe@example.edu,561-746-8548x19640
930,Thomas,Moreno,kgrant@example.edu,+1-391-990-9569x10440
931,Meagan,Knight,acarlson@example.edu,+1-269-620-4348x437
932,Pamela,Martin,barnettscott@example.edu,(396)545-4183x5513
933,Clarence,Clarke,makaylazimmerman@example.edu,942-408-3444
934,Aaron,Ali,stephen50@example.edu,+1-253-573-9224
935,Amber,Lowe,drose@example.edu,852-264-6593x449
936,Holly,Saunders,reyesandrew@example.edu,344.945.6720x29691
937,Jennifer,Bray,kcamacho@example.edu,(228)502-8520
938,David,Preston,bevans@example.edu,804.918.3751x1930
939,Bradley,Mckenzie,montoyatracy@example.edu,+1-424-231-5733x3774
940,Rebekah,Williams,briannadavis@example.edu,793-868-1083
941,Damon,Thomas,elizabeth83@example.edu,361-948-2381
942,Jessica,Williams,eglenn@example.edu,001-735-823-2588x9325
943,Dylan,Lucas,lisa50@example.edu,279.309.3264x88094
944,Anthony,Gutierrez,perezbelinda@example.edu,001-330-414-5723x644
945,Patricia,Walker,stephanie41@example.edu,001-671-308-6762x247
946,Stephen,Taylor,qdavenport@example.edu,001-650-643-2537x088
947,Michael,Watkins,tuckerchristopher@example.edu,+1-359-627-3433
948,April,Taylor,juliejenkins@example.edu,+1-832-374-9049x56788
949,William,Robbins,linda58@example.edu,001-816-217-8869x445
950,Kenneth,Hall,jill58@example.edu,586.567.7246x4089
951,Nicole,Nguyen,christine50@example.edu,751.573.4168
952,Jessica,Smith,calvinparks@example.edu,(288)384-1216x942
953,Samantha,Hall,angela95@example.edu,+1-246-384-6024x41714
954,Sarah,Moore,rossmary@example.edu,846-561-5448
955,Adriana,Graham,hunterbeltran@example.edu,+1-950-259-5148x23179
956,Brad,Meyer,njoseph@example.edu,001-938-748-0102
957,Matthew,Thompson,mariah27@example.edu,(392)598-8458
958,Daniel,Williams,solomonjason@example.edu,820.907.8720
959,Thomas,Long,daniel19@example.edu,5142694208
960,Michael,Li,taylorheather@example.edu,273-996-5525
961,Ryan,Norton,ikelley@example.edu,+1-417-865-8160x357
962,Emily,Frazier,alexparker@example.edu,796-929-2677x525
963,Tonya,Hill,arianapena@example.edu,274.997.5953
964,Daniel,Galvan,hendersonjennifer@example.edu,407.853.9525x70645
965,Christopher,Gomez,katherinebrewer@example.edu,627-758-6988x62184
966,Jeffrey,Fuller,pbowman@example.edu,804-532-4365
967,Jessica,Foster,beverlythompson@example.edu,+1-508-303-5277x87936
968,Ashley,Patton,bonniejohnston@example.edu,608-560-0593x1473
969,Kendra,Carpenter,alexanderromero@example.edu,(830)802-0812x914
970,Daniel,Combs,julia93@example.edu,001-864-535-1031x1059
971,Jacob,Green,matthewmoody@example.edu,001-532-668-1543x9887
972,Devin,Chambers,jonessandra@example.edu,001-776-938-9879x2142
973,Jeffrey,Lee,paul83@example.edu,(471)946-3316x56495
974,Barry,Patterson,terrylisa@example.edu,001-297-474-3460x7270
975,Joe,Aguirre,alyssa70@example.edu,661.478.0227
976,Emily,Bryant,evansnicholas@example.edu,+1-354-478-1781x942
977,Vanessa,Vasquez,baileyraymond@example.edu,236.706.1287
978,Dana,Mooney,reginald80@example.edu,2738641649
979,Cameron,Green,morganmitchell@example.edu,001-592-588-0608x604
980,Scott,Nguyen,ashleyvance@example.edu,(667)996-0943
981,Michelle,Cantu,jennifer41@example.edu,+1-714-501-8501x569
982,Judy,Doyle,hunterlisa@example.edu,001-283-292-9418
983,Kevin,Ford,glittle@example.edu,925-498-7248x009
984,Janet,Oconnell,anna93@example.edu,(223)246-0998x54573
985,Nicholas,Harding,dreed@example.edu,946.223.6323
986,Jay,Castaneda,ngibson@example.edu,+1-316-308-5853
987,Robert,Miller,alanwilliams@example.edu,+1-730-860-8996x72719
988,Carolyn,Rodriguez,newtondaniel@example.edu,(691)999-1414x30822
989,Julie,Lee,heathertownsend@example.edu,001-211-343-5471x9327
990,Danielle,Thomas,tlowery@example.edu,642.455.4830
991,Jacqueline,Glover,wendy67@example.edu,496-737-2051
992,Sharon,Shannon,tyler27@example.edu,586.923.5966
993,Jenny,Ramirez,mcbridebryan@example.edu,(294)415-8507x563
994,Kimberly,Johnson,arthur18@example.edu,+1-428-857-4888x78947
995,Andrea,Davila,jody42@example.edu,+1-251-633-6754
996,Zachary,Alvarez,danny55@example.edu,+1-506-770-4479x5279
997,Brittney,Crawford,matthewhernandez@example.edu,001-527-653-5565x02172
998,Brian,Good,glennmary@example.edu,436.700.9734x1111
999,Anthony,Garcia,krodriguez@example.edu,001-845-301-1983x07326
1000,Karen,Smith,zmiller@example.edu,820-961-4829x4650
