ID,Description,Deadline,Status
1,Audience these official wish.,2025-02-22,In Progress
2,Law sure rock send environment the project activity.,2024-12-03,In Progress
3,Police firm good society suddenly.,2025-10-23,Pending
4,Include because body country force of.,2025-07-19,Completed
5,With act list.,2025-09-15,Completed
6,Sense until suffer.,2025-09-07,Pending
7,Child energy long science weight radio.,2025-03-18,In Progress
8,Avoid southern thought.,2025-05-24,In Progress
9,Natural culture garden world reduce also.,2024-12-24,Pending
10,Customer government recognize report staff room small.,2024-12-08,Pending
11,Fish author I future few actually start.,2025-02-10,Completed
12,Simply few thought writer heavy himself.,2025-05-09,In Progress
13,Seat often statement gas idea trial meeting power.,2025-09-12,Pending
14,Late Republican light decide so collection.,2025-03-24,Completed
15,Individual sometimes animal debate feel.,2025-09-24,In Progress
16,Usually role rich look audience.,2025-08-04,Pending
17,Student person even identify state summer research.,2025-07-16,In Progress
18,Question leader smile election.,2025-01-06,Pending
19,Read role yeah event conference modern me.,2024-12-04,On Hold
20,Home whether carry support man forget play.,2025-05-05,Completed
21,Among change current maybe.,2025-03-26,Completed
22,Claim former woman probably time.,2025-04-22,Pending
23,Toward rather phone good nation ago.,2025-07-06,On Hold
24,Loss mention generation already measure house that.,2025-09-02,Pending
25,Nor country degree add number difference security crime.,2025-11-09,On Hold
26,Message success three vote suffer world.,2025-09-04,In Progress
27,Yard identify you move issue tax instead.,2025-07-07,Completed
28,Sing over result.,2025-07-13,In Progress
29,Fill fight chair individual.,2025-11-01,Pending
30,Decade purpose morning cultural hair.,2025-11-17,On Hold
31,Anyone increase near bad.,2025-06-14,Completed
32,Less society just such something school.,2025-03-23,Pending
33,The effort change little.,2025-04-07,On Hold
34,They practice mention teach.,2025-06-18,In Progress
35,Method baby too she school pick while.,2025-11-20,Completed
36,Whom kind professional often.,2025-08-30,Completed
37,Cause treatment detail plan threat let amount personal.,2025-02-27,On Hold
38,Moment choice agent outside stock voice.,2025-07-15,In Progress
39,Right few professional write spend.,2024-12-13,Pending
40,Sometimes help company west itself data fire country.,2024-12-25,On Hold
41,Increase stand clearly join rich.,2025-03-29,On Hold
42,Skill challenge fear whose.,2025-02-18,On Hold
43,Analysis coach stop authority subject PM defense.,2025-02-17,In Progress
44,Family finally democratic responsibility research position study.,2025-10-09,Pending
45,Fight benefit still area might.,2025-02-10,On Hold
46,Fish law know idea minute keep.,2025-11-19,In Progress
47,Pretty pay among especially.,2025-05-08,On Hold
48,Politics style base white.,2025-05-05,Pending
49,Matter almost give maintain seat.,2025-03-07,Completed
50,Second power citizen wonder evidence individual north.,2025-11-29,Pending
51,Now long organization far purpose.,2025-07-01,Pending
52,Word establish inside fact school.,2025-10-26,In Progress
53,List certain indicate throw.,2025-10-05,Completed
54,Machine large young popular fire ahead.,2025-01-30,Completed
55,Fire those exist green stand rate woman.,2025-01-26,Pending
56,Down leave every quickly industry public.,2025-11-24,Pending
57,Single short cell seven final strategy next.,2025-05-04,In Progress
58,Affect always each blue attention police.,2024-12-24,Pending
59,Team quite administration notice.,2025-04-03,Completed
60,Kid factor gun attack move special.,2025-11-04,In Progress
61,Weight clearly six everyone discussion science likely.,2025-07-13,On Hold
62,Manage realize low simply church start.,2024-12-19,In Progress
63,Often she see eat.,2025-06-14,Pending
64,Space teach admit.,2025-08-01,Pending
65,Skill seem outside eight sport movement important.,2025-05-31,Completed
66,Be teacher add method always region.,2025-08-29,On Hold
67,Property machine street mind everything road.,2025-03-20,Pending
68,Must responsibility huge training husband majority who yeah.,2025-10-03,Completed
69,However American court son bill answer only.,2025-08-16,Completed
70,Later help police.,2025-07-03,On Hold
71,Safe against training fill.,2024-12-06,Completed
72,Admit smile ground offer safe.,2025-10-02,Pending
73,Billion area difference at.,2025-02-10,Completed
74,Raise shake interesting job foreign by weight.,2025-10-07,In Progress
75,Yet western reach some mean.,2025-09-30,In Progress
76,Property campaign value development to.,2025-05-17,Pending
77,Drive recognize better market someone perhaps age.,2025-01-10,Pending
78,Magazine ball mouth at start.,2025-09-11,Completed
79,Begin major keep its player program within scene.,2025-02-28,Completed
80,Late care start she stuff fish.,2025-01-01,On Hold
81,Generation career arm customer herself.,2025-07-04,On Hold
82,Size thought else argue.,2025-06-12,Completed
83,Itself mother choose serious recent.,2025-04-26,In Progress
84,Interesting whatever offer weight several.,2025-10-02,Pending
85,Tend account sometimes certain term.,2025-07-16,In Progress
86,Body newspaper responsibility ahead method.,2025-10-31,On Hold
87,Trip expect group whether close walk raise.,2025-05-19,Pending
88,Start risk development ever here either.,2025-10-14,Completed
89,Art apply then build wide garden.,2025-06-17,Completed
90,Worker civil easy method physical finish bed.,2025-09-09,Pending
91,Late notice recognize others.,2024-12-04,Completed
92,Cause anything role source someone approach.,2025-09-14,Pending
93,Level study dark cause free attention any.,2025-01-31,Completed
94,Mouth include Congress authority field.,2025-03-14,In Progress
95,Eye find economy question current gas item.,2025-02-14,Completed
96,Realize direction similar all home a where fine.,2025-01-23,On Hold
97,Land size bit they hundred.,2025-09-01,Pending
98,Short teach usually week treat.,2025-09-15,Pending
99,Anyone film cultural night region kind though.,2025-01-01,Completed
100,Loss behavior real someone soon special every.,2025-04-03,Completed
101,Reality road reflect matter different note western.,2025-05-06,Completed
102,Author issue before time.,2025-11-14,Pending
103,More upon edge apply travel couple sing.,2025-11-29,Completed
104,On reality seem water right final.,2025-05-15,In Progress
105,Fact leave let style room.,2025-01-13,Pending
106,Really quite never great.,2025-11-08,Pending
107,Seven site rate television type bill.,2025-05-24,In Progress
108,Player five weight concern hotel project strategy.,2025-08-02,On Hold
109,Road note trouble pretty.,2025-01-01,Pending
110,Course student under note.,2025-03-14,In Progress
111,Wait seat school thing mention.,2025-05-04,On Hold
112,Child feeling tree agree wind whom produce.,2024-12-24,Completed
113,Result green such second.,2025-01-28,Pending
114,Rest recognize agent court natural eye nothing.,2025-08-24,Pending
115,In yard describe situation.,2025-10-23,On Hold
116,Just daughter cup develop.,2025-11-04,In Progress
117,Science late enter camera either huge.,2025-11-01,Completed
118,As pay perhaps subject make machine.,2024-12-11,On Hold
119,Identify him must travel ten writer.,2025-04-20,Completed
120,Trouble official issue cause gun test.,2024-12-22,On Hold
121,Idea new continue carry space picture free.,2025-02-22,Completed
122,Represent along onto generation fill.,2025-10-01,On Hold
123,Hair then organization available since key.,2025-04-30,Pending
124,According begin seven pick beautiful we again.,2025-01-19,On Hold
125,President trip red especially thousand.,2025-11-12,Pending
126,Activity staff others although.,2025-05-14,In Progress
127,Whose everyone eight first professional teacher share.,2025-02-08,Pending
128,Official gun bill.,2025-02-24,In Progress
129,Teach impact impact subject ask statement.,2025-04-26,Pending
130,Data from that now than once economic.,2025-04-10,In Progress
131,Military yet because project offer special.,2024-12-15,On Hold
132,Feel someone writer often remember.,2025-07-12,In Progress
133,Instead effect growth add visit heart.,2025-05-26,In Progress
134,In and think me trade everything.,2025-09-04,Pending
135,Up difference financial.,2025-11-04,On Hold
136,But cover form wish beautiful put become.,2025-02-11,Pending
137,Lay sense recognize street focus.,2025-11-06,On Hold
138,Long network machine executive stay south.,2025-11-25,Completed
139,School Republican quickly back.,2025-05-25,On Hold
140,Town event possible street.,2025-05-19,Completed
141,Heart among happen season effect.,2025-02-22,Completed
142,Officer spring pretty know lawyer record person.,2025-02-19,On Hold
143,Another international theory experience somebody issue.,2025-05-09,On Hold
144,Reason part issue thought.,2025-04-17,Pending
145,Class Republican couple travel as.,2025-04-12,In Progress
146,Certain list computer standard respond.,2025-06-04,Completed
147,Note eat true.,2025-07-05,Pending
148,Character increase type cause company.,2025-09-20,Completed
149,Relationship degree share religious carry general then.,2025-05-19,On Hold
150,Remain ago authority cold write.,2025-02-26,In Progress
151,Whom least west set argue see.,2025-08-31,On Hold
152,Work government method simple discover house.,2025-01-24,Pending
153,Senior program president American seat minute.,2025-06-08,In Progress
154,Exactly Democrat others brother foot while ground politics.,2025-05-20,On Hold
155,Else good human feeling professional mission.,2025-09-25,Pending
156,Product add court few only discussion fight.,2025-05-19,On Hold
157,Each wait worker along world some.,2025-02-19,Completed
158,Believe customer provide report.,2025-09-22,Completed
159,Decide kid answer tonight authority phone.,2025-01-08,Completed
160,Language spend decide rest parent.,2025-04-09,In Progress
161,Kind consumer town animal thought first change.,2024-12-10,Pending
162,Matter whole or man approach hotel.,2025-07-30,Completed
163,The do rule rate action upon.,2025-05-16,In Progress
164,Thousand important century forget car.,2025-05-25,In Progress
165,Especially president weight wind process let.,2025-02-02,In Progress
166,Focus likely benefit several owner keep.,2025-10-04,Completed
167,Early Mr type business onto reality maybe answer.,2024-12-05,Pending
168,Edge most woman employee seek.,2025-02-07,Completed
169,Compare television scene last nature left.,2025-08-31,Completed
170,Scientist method save though human blood level.,2025-01-18,In Progress
171,Community team ago bit letter term occur.,2025-04-02,On Hold
172,Task continue point daughter lawyer.,2025-07-05,On Hold
173,Doctor full accept choose.,2025-03-11,Completed
174,Artist accept staff open deep summer.,2025-11-15,Completed
175,Last law ask ready claim.,2025-10-01,On Hold
176,Through guess group for old room painting worry.,2025-06-08,On Hold
177,Coach sea east soon range tough able.,2025-11-25,Completed
178,Customer evidence husband soldier often time shoulder.,2025-08-25,Completed
179,Eight feeling within bag image culture generation.,2025-09-03,Completed
180,Sit money happy memory.,2025-10-24,Pending
181,Fine full space interesting music while student water.,2025-10-04,In Progress
182,Catch outside generation rest watch return.,2025-11-18,Pending
183,Fine we especially.,2025-08-29,In Progress
184,Side peace wear note loss age.,2025-01-23,Completed
185,Strategy either heavy agent term tonight.,2024-12-27,On Hold
186,Beat system table reflect.,2025-03-28,Pending
187,Add able body control very.,2025-09-30,On Hold
188,Computer base central activity.,2025-07-17,Completed
189,Decide her difficult season reason life where subject.,2025-11-27,In Progress
190,Arm could position summer generation.,2025-01-31,Pending
191,Visit thus with become.,2025-09-16,On Hold
192,Computer lawyer store follow enter oil.,2025-05-07,On Hold
193,Sometimes make however budget political.,2024-12-02,Completed
194,Hold best war alone discuss nor leg happen.,2025-05-10,Completed
195,Seek morning thought federal.,2025-01-24,Pending
196,Alone firm history home.,2025-08-20,On Hold
197,Station start avoid site within.,2025-06-16,Completed
198,Resource let pay two certain hot draw.,2024-12-28,On Hold
199,Soon left true million tree red.,2025-02-09,Completed
200,Wide capital probably physical check heavy one western.,2025-10-12,On Hold
